{
   "C": 14.566754887198607,
   "gamma": -9.168279620279273
}