{
   "1": {
      "C": 14.980721222135186,
      "gamma": -6.870451212885357
   },
   "2": {
      "C": 14.966417266704926,
      "gamma": -7.804844154070693
   },
   "3": {
      "C": 14.999825170981277,
      "gamma": -8.451603219926103
   },
   "4": {
      "C": 14.999825170981277,
      "gamma": -8.451603219926103
   },
   "5": {
      "C": 14.959085715336316,
      "gamma": 10.505443531347805
   }
}