{
   "1": {
      "C": 14.988089914412427,
      "gamma": -5.928533105215533
   },
   "2": {
      "C": 14.988199965388407,
      "gamma": -6.760096966506422
   },
   "3": {
      "C": 14.988199965388407,
      "gamma": -6.760096966506422
   },
   "4": {
      "C": 14.988199965388407,
      "gamma": -6.760096966506422
   },
   "5": {
      "C": 14.988199965388407,
      "gamma": -6.760096966506422
   },
   "6": {
      "C": 14.997694635596373,
      "gamma": -6.98210598927829
   },
   "7": {
      "C": 14.997694635596373,
      "gamma": -6.98210598927829
   },
   "8": {
      "C": 14.997694635596373,
      "gamma": -6.98210598927829
   },
   "9": {
      "C": 14.999415463046866,
      "gamma": -7.414103660124311
   },
   "10": {
      "C": 14.999415463046866,
      "gamma": -7.414103660124311
   },
   "11": {
      "C": 14.999415463046866,
      "gamma": -7.414103660124311
   },
   "12": {
      "C": 14.999415463046866,
      "gamma": -7.414103660124311
   },
   "13": {
      "C": 14.999415463046866,
      "gamma": -7.414103660124311
   },
   "14": {
      "C": 14.998292725002678,
      "gamma": -8.279513593373041
   },
   "15": {
      "C": 14.998292725002678,
      "gamma": -8.279513593373041
   },
   "16": {
      "C": 14.998292725002678,
      "gamma": -8.279513593373041
   },
   "17": {
      "C": 14.998292725002678,
      "gamma": -8.279513593373041
   },
   "18": {
      "C": 14.998292725002678,
      "gamma": -8.279513593373041
   },
   "19": {
      "C": 14.998292725002678,
      "gamma": -8.279513593373041
   },
   "20": {
      "C": 14.998292725002678,
      "gamma": -8.279513593373041
   }
}