{
   "C": 14.985268436563985,
   "gamma": -11.404835658868956
}