{
   "C": 13.632190822084345,
   "gamma": 1.106665082798532,
   "n_clusters": 8.0
}