{
   "C": 14.794662620081535,
   "gamma": -3.9418938767495417
}