{
   "1": {
      "C": 14.99017887941286,
      "gamma": -6.872241696571527
   },
   "2": {
      "C": 14.993042734666195,
      "gamma": -7.288487512905327
   },
   "3": {
      "C": 14.99017887941286,
      "gamma": -6.872241696571527
   },
   "4": {
      "C": 14.96187506493976,
      "gamma": -7.857998914518478
   },
   "5": {
      "C": 14.993042734666195,
      "gamma": -7.288487512905327
   },
   "6": {
      "C": 14.993042734666195,
      "gamma": -7.288487512905327
   },
   "7": {
      "C": 14.989533544355133,
      "gamma": -8.135687253950659
   },
   "8": {
      "C": 14.988628382026734,
      "gamma": -7.43933563516719
   },
   "9": {
      "C": 14.988628382026734,
      "gamma": -7.43933563516719
   },
   "10": {
      "C": 14.989533544355133,
      "gamma": -8.135687253950659
   },
   "11": {
      "C": 14.989533544355133,
      "gamma": -8.135687253950659
   },
   "12": {
      "C": 14.989533544355133,
      "gamma": -8.135687253950659
   },
   "13": {
      "C": 14.980687446936688,
      "gamma": -9.061531613524767
   },
   "14": {
      "C": 14.980687446936688,
      "gamma": -9.061531613524767
   },
   "15": {
      "C": 14.96232512450302,
      "gamma": -9.21153286148623
   },
   "16": {
      "C": 14.995178926889512,
      "gamma": -8.51780160544483
   },
   "17": {
      "C": 14.99017887941286,
      "gamma": -6.872241696571527
   },
   "18": {
      "C": 14.980687446936688,
      "gamma": -9.061531613524767
   },
   "19": {
      "C": 14.995178926889512,
      "gamma": -8.51780160544483
   },
   "20": {
      "C": 14.988628382026734,
      "gamma": -7.43933563516719
   }
}