{
   "C": 14.93439244463977,
   "gamma": -4.195909865081019,
   "n_clusters": 4.0
}