{
   "C": 12.860134222442912,
   "gamma": -12.740685087801028
}