{
   "1": {
      "C": 14.961596292679165,
      "gamma": -5.428278875025693
   },
   "2": {
      "C": 14.979809268052332,
      "gamma": -6.556660237073532
   },
   "3": {
      "C": 14.91458779331248,
      "gamma": -7.429984926018381
   },
   "4": {
      "C": 14.91458779331248,
      "gamma": -7.429984926018381
   },
   "5": {
      "C": 14.945997467387162,
      "gamma": -7.7849826084185265
   },
   "6": {
      "C": 14.95872640550241,
      "gamma": -8.26478074657846
   },
   "7": {
      "C": 14.999226504930975,
      "gamma": -8.996198058374217
   },
   "8": {
      "C": 14.999226504930975,
      "gamma": -8.996198058374217
   },
   "9": {
      "C": 14.981331077797995,
      "gamma": -9.483450022222943
   },
   "10": {
      "C": 14.981331077797995,
      "gamma": -9.483450022222943
   },
   "11": {
      "C": 14.981331077797995,
      "gamma": -9.483450022222943
   },
   "12": {
      "C": 14.97229124155391,
      "gamma": -9.883632423427
   },
   "13": {
      "C": 14.99537507967645,
      "gamma": -10.25195383852875
   },
   "14": {
      "C": 14.99537507967645,
      "gamma": -10.25195383852875
   },
   "15": {
      "C": 14.988291352019296,
      "gamma": -10.534287883131363
   },
   "16": {
      "C": 14.99537507967645,
      "gamma": -10.25195383852875
   },
   "17": {
      "C": 14.988291352019296,
      "gamma": -10.534287883131363
   },
   "18": {
      "C": 14.988291352019296,
      "gamma": -10.534287883131363
   },
   "19": {
      "C": 14.972389670277051,
      "gamma": -10.848257570063849
   },
   "20": {
      "C": 14.972389670277051,
      "gamma": -10.848257570063849
   }
}