{
   "C": 14.994830844495,
   "gamma": -5.691848279165133
}