{
   "1": {
      "C": 14.85856616385974,
      "gamma": 1.2300034797904118
   },
   "2": {
      "C": 10.434675460693784,
      "gamma": -8.766534675844001
   },
   "3": {
      "C": 10.434675460693784,
      "gamma": -8.766534675844001
   },
   "4": {
      "C": 10.434675460693784,
      "gamma": -8.766534675844001
   },
   "5": {
      "C": 10.434675460693784,
      "gamma": -8.766534675844001
   },
   "6": {
      "C": 10.434675460693784,
      "gamma": -8.766534675844001
   },
   "7": {
      "C": 10.434675460693784,
      "gamma": -8.766534675844001
   },
   "8": {
      "C": 10.434675460693784,
      "gamma": -8.766534675844001
   },
   "9": {
      "C": 10.434675460693784,
      "gamma": -8.766534675844001
   },
   "10": {
      "C": 10.434675460693784,
      "gamma": -8.766534675844001
   },
   "11": {
      "C": 10.434675460693784,
      "gamma": -8.766534675844001
   },
   "12": {
      "C": 10.434675460693784,
      "gamma": -8.766534675844001
   },
   "13": {
      "C": 10.434675460693784,
      "gamma": -8.766534675844001
   },
   "14": {
      "C": 10.434675460693784,
      "gamma": -8.766534675844001
   },
   "15": {
      "C": 10.434675460693784,
      "gamma": -8.766534675844001
   },
   "16": {
      "C": 10.434675460693784,
      "gamma": -8.766534675844001
   },
   "17": {
      "C": 10.434675460693784,
      "gamma": -8.766534675844001
   },
   "18": {
      "C": 10.434675460693784,
      "gamma": -8.766534675844001
   },
   "19": {
      "C": 10.434675460693784,
      "gamma": -8.766534675844001
   },
   "20": {
      "C": 10.434675460693784,
      "gamma": -8.766534675844001
   }
}