{
   "1": {
      "C": 14.995666711441464,
      "gamma": -5.393616397105229
   },
   "2": {
      "C": 14.99603862090807,
      "gamma": -6.34245338724129
   },
   "3": {
      "C": 14.998507796264372,
      "gamma": -6.653372496388371
   },
   "4": {
      "C": 14.998507796264372,
      "gamma": -6.653372496388371
   },
   "5": {
      "C": 14.990059238763244,
      "gamma": -7.1875510612242595
   },
   "6": {
      "C": 14.990059238763244,
      "gamma": -7.1875510612242595
   },
   "7": {
      "C": 14.942756927089908,
      "gamma": -7.304125671170776
   },
   "8": {
      "C": 14.998507796264372,
      "gamma": -6.653372496388371
   },
   "9": {
      "C": 14.993099241282232,
      "gamma": -8.669235397920584
   },
   "10": {
      "C": 14.998507796264372,
      "gamma": -6.653372496388371
   },
   "11": {
      "C": 14.99603862090807,
      "gamma": -6.34245338724129
   },
   "12": {
      "C": 14.998507796264372,
      "gamma": -6.653372496388371
   },
   "13": {
      "C": 14.99603862090807,
      "gamma": -6.34245338724129
   },
   "14": {
      "C": 14.998507796264372,
      "gamma": -6.653372496388371
   },
   "15": {
      "C": 14.99603862090807,
      "gamma": -6.34245338724129
   },
   "16": {
      "C": 14.99603862090807,
      "gamma": -6.34245338724129
   },
   "17": {
      "C": 14.998507796264372,
      "gamma": -6.653372496388371
   },
   "18": {
      "C": 14.998507796264372,
      "gamma": -6.653372496388371
   },
   "19": {
      "C": 14.99603862090807,
      "gamma": -6.34245338724129
   },
   "20": {
      "C": 14.967422594883493,
      "gamma": -5.04002499220073
   }
}