{
   "C": 10.776459510808037,
   "gamma": -8.141401679589736
}