{
   "C": 14.97775410388224,
   "gamma": -9.855460145528724,
   "n_clusters": 8.0
}