{
   "C": 14.918146059074063,
   "gamma": -9.345593879724301
}