{
   "1": {
      "C": 14.976601868005405,
      "gamma": -5.694757370342368
   },
   "2": {
      "C": 14.989352839670966,
      "gamma": -6.6090457103668845
   },
   "3": {
      "C": 14.989352839670966,
      "gamma": -6.6090457103668845
   },
   "4": {
      "C": 14.976601868005405,
      "gamma": -5.694757370342368
   },
   "5": {
      "C": 14.976601868005405,
      "gamma": -5.694757370342368
   },
   "6": {
      "C": 14.989352839670966,
      "gamma": -6.6090457103668845
   },
   "7": {
      "C": 14.989352839670966,
      "gamma": -6.6090457103668845
   },
   "8": {
      "C": 14.989352839670966,
      "gamma": -6.6090457103668845
   },
   "9": {
      "C": 14.989352839670966,
      "gamma": -6.6090457103668845
   },
   "10": {
      "C": 14.989352839670966,
      "gamma": -6.6090457103668845
   },
   "11": {
      "C": 14.984405281985207,
      "gamma": -7.036120928131615
   },
   "12": {
      "C": 14.984405281985207,
      "gamma": -7.036120928131615
   },
   "13": {
      "C": 14.984405281985207,
      "gamma": -7.036120928131615
   },
   "14": {
      "C": 14.977385135319992,
      "gamma": -7.636183677794013
   },
   "15": {
      "C": 14.984405281985207,
      "gamma": -7.036120928131615
   },
   "16": {
      "C": 14.984405281985207,
      "gamma": -7.036120928131615
   },
   "17": {
      "C": 14.984405281985207,
      "gamma": -7.036120928131615
   },
   "18": {
      "C": 14.984405281985207,
      "gamma": -7.036120928131615
   },
   "19": {
      "C": 14.977385135319992,
      "gamma": -7.636183677794013
   },
   "20": {
      "C": 14.977385135319992,
      "gamma": -7.636183677794013
   }
}