{
   "1": {
      "C": 14.981138613846635,
      "gamma": -6.1339954464982105
   },
   "2": {
      "C": 14.996799859360975,
      "gamma": -6.667264098528105
   },
   "3": {
      "C": 14.997595376906366,
      "gamma": -6.429896039548179
   },
   "4": {
      "C": 14.997595376906366,
      "gamma": -6.429896039548179
   },
   "5": {
      "C": 14.997595376906366,
      "gamma": -6.429896039548179
   },
   "6": {
      "C": 14.997595376906366,
      "gamma": -6.429896039548179
   },
   "7": {
      "C": 14.981138613846635,
      "gamma": -6.1339954464982105
   },
   "8": {
      "C": 14.997595376906366,
      "gamma": -6.429896039548179
   },
   "9": {
      "C": 14.997595376906366,
      "gamma": -6.429896039548179
   },
   "10": {
      "C": 14.997595376906366,
      "gamma": -6.429896039548179
   },
   "11": {
      "C": 14.996799859360975,
      "gamma": -6.667264098528105
   },
   "12": {
      "C": 14.982818994540095,
      "gamma": -7.077654629233079
   },
   "13": {
      "C": 14.982197404543482,
      "gamma": -7.414288958916236
   },
   "14": {
      "C": 14.996799859360975,
      "gamma": -6.667264098528105
   },
   "15": {
      "C": 14.982818994540095,
      "gamma": -7.077654629233079
   },
   "16": {
      "C": 14.982818994540095,
      "gamma": -7.077654629233079
   },
   "17": {
      "C": 14.982818994540095,
      "gamma": -7.077654629233079
   },
   "18": {
      "C": 14.977067866800576,
      "gamma": -7.6496843288890215
   },
   "19": {
      "C": 14.996799859360975,
      "gamma": -6.667264098528105
   },
   "20": {
      "C": 14.997595376906366,
      "gamma": -6.429896039548179
   }
}