{
   "C": 14.988353094247536,
   "gamma": -8.202950611481555,
   "n_clusters": 2.0
}