{
   "C": 14.991411227592106,
   "gamma": -7.290112486044409
}