{
   "C": 14.811347400937619,
   "gamma": -5.213108251776337
}