{
   "C": 14.964332726325035,
   "gamma": -14.064910719931841
}