{
   "C": 14.97510414099784,
   "gamma": -7.8985195168541695
}