{
   "C": 14.982065026746168,
   "gamma": -6.8160150136063
}