{
   "1": {
      "C": 14.99829626454984,
      "gamma": -3.3630822700044845
   },
   "2": {
      "C": 14.33702187881886,
      "gamma": -10.663377384478656
   },
   "3": {
      "C": 14.33702187881886,
      "gamma": -10.663377384478656
   },
   "4": {
      "C": 14.33702187881886,
      "gamma": -10.663377384478656
   },
   "5": {
      "C": 14.33702187881886,
      "gamma": -10.663377384478656
   },
   "6": {
      "C": 14.99829626454984,
      "gamma": -3.3630822700044845
   },
   "7": {
      "C": 14.33702187881886,
      "gamma": -10.663377384478656
   },
   "8": {
      "C": 14.99829626454984,
      "gamma": -3.3630822700044845
   },
   "9": {
      "C": 14.33702187881886,
      "gamma": -10.663377384478656
   },
   "10": {
      "C": 14.33702187881886,
      "gamma": -10.663377384478656
   },
   "11": {
      "C": 14.33702187881886,
      "gamma": -10.663377384478656
   },
   "12": {
      "C": 14.33702187881886,
      "gamma": -10.663377384478656
   },
   "13": {
      "C": 14.33702187881886,
      "gamma": -10.663377384478656
   },
   "14": {
      "C": 14.33702187881886,
      "gamma": -10.663377384478656
   },
   "15": {
      "C": 14.33702187881886,
      "gamma": -10.663377384478656
   }
}