{
   "C": 14.987006917468412,
   "gamma": -12.452530811864078
}