{
   "C": 14.995501998483453,
   "gamma": -7.030108861604325,
   "n_clusters": 4.0
}