{
   "C": 14.81549006964327,
   "gamma": -9.704663075900104
}