{
   "1": {
      "C": 5.234396231832863,
      "gamma": -11.873409958151818
   },
   "2": {
      "C": 5.234396231832863,
      "gamma": -11.873409958151818
   },
   "3": {
      "C": 5.234396231832863,
      "gamma": -11.873409958151818
   },
   "4": {
      "C": 5.234396231832863,
      "gamma": -11.873409958151818
   },
   "5": {
      "C": 5.234396231832863,
      "gamma": -11.873409958151818
   },
   "6": {
      "C": 5.234396231832863,
      "gamma": -11.873409958151818
   }
}