{
   "C": 14.906092524031555,
   "gamma": -8.474991131263247
}