{
   "C": 14.982740166376207,
   "gamma": -10.073439826598932,
   "n_clusters": 4.0
}