{
   "C": 13.111697333795009,
   "gamma": 1.898854583530582
}