{
   "C": 14.965850252813963,
   "gamma": -9.637767620484649
}