{
   "C": 14.74452073411024,
   "gamma": -4.512166629189101
}