{
   "C": 14.983910643919875,
   "gamma": -7.749717074650809
}