{
   "C": 14.990303962962505,
   "gamma": -5.362787509519472
}