{
   "C": 14.988445708188179,
   "gamma": -7.034050672217479,
   "n_clusters": 8.0
}