{
   "C": 14.959538341528688,
   "gamma": -6.8078967827174415,
   "n_clusters": 8.0
}