{
   "C": 14.997190580876815,
   "gamma": -8.016698795449955,
   "n_clusters": 2.0
}