{
   "C": 14.954445723166346,
   "gamma": -8.476862192912911
}