{
   "C": 14.523726056859632,
   "gamma": -11.051143715015137
}