{
   "C": 14.993319696866624,
   "gamma": -7.771914311101121
}