{
   "C": 14.998312049024484,
   "gamma": -7.0834305589677955
}