{
   "C": 14.912250297733241,
   "gamma": -11.611907358580213
}