{
   "C": 14.957445232838689,
   "gamma": -7.335280467391899
}