{
   "1": {
      "C": 14.990538266597047,
      "gamma": -6.3367851663842245
   },
   "2": {
      "C": 14.990538266597047,
      "gamma": -6.3367851663842245
   },
   "3": {
      "C": 14.990538266597047,
      "gamma": -6.3367851663842245
   },
   "4": {
      "C": 14.990538266597047,
      "gamma": -6.3367851663842245
   },
   "5": {
      "C": 14.990538266597047,
      "gamma": -6.3367851663842245
   },
   "6": {
      "C": 14.990538266597047,
      "gamma": -6.3367851663842245
   },
   "7": {
      "C": 14.98767360538398,
      "gamma": -7.431886465755207
   },
   "8": {
      "C": 14.993780046546194,
      "gamma": -7.518349796582568
   },
   "9": {
      "C": 14.990848822164295,
      "gamma": -7.622211236803696
   },
   "10": {
      "C": 14.990848822164295,
      "gamma": -7.622211236803696
   },
   "11": {
      "C": 14.990848822164295,
      "gamma": -7.622211236803696
   },
   "12": {
      "C": 14.990848822164295,
      "gamma": -7.622211236803696
   },
   "13": {
      "C": 14.990848822164295,
      "gamma": -7.622211236803696
   },
   "14": {
      "C": 14.993780046546194,
      "gamma": -7.518349796582568
   },
   "15": {
      "C": 14.990848822164295,
      "gamma": -7.622211236803696
   },
   "16": {
      "C": 14.993780046546194,
      "gamma": -7.518349796582568
   },
   "17": {
      "C": 14.993780046546194,
      "gamma": -7.518349796582568
   },
   "18": {
      "C": 14.990848822164295,
      "gamma": -7.622211236803696
   },
   "19": {
      "C": 14.963888351244304,
      "gamma": -7.963889363193131
   },
   "20": {
      "C": 14.990848822164295,
      "gamma": -7.622211236803696
   }
}