{
   "C": 4.714388929463876,
   "gamma": -6.310167292751598,
   "n_clusters": 4.0
}