{
   "C": 11.7162857601859,
   "gamma": -9.655322410644054
}