{
   "C": 5.579726930318632,
   "gamma": -10.936978562700023,
   "n_clusters": 8.0
}