{
   "1": {
      "C": 14.994099522265945,
      "gamma": -5.920545046052488
   },
   "2": {
      "C": 14.994099522265945,
      "gamma": -5.920545046052488
   },
   "3": {
      "C": 14.985509872216593,
      "gamma": -5.508198698908508
   },
   "4": {
      "C": 14.932437160138171,
      "gamma": -6.71211143259508
   },
   "5": {
      "C": 14.954094667499687,
      "gamma": -7.501883449411071
   },
   "6": {
      "C": 14.99038672848265,
      "gamma": -7.734218546711653
   },
   "7": {
      "C": 14.954094667499687,
      "gamma": -7.501883449411071
   },
   "8": {
      "C": 14.954094667499687,
      "gamma": -7.501883449411071
   },
   "9": {
      "C": 14.99038672848265,
      "gamma": -7.734218546711653
   },
   "10": {
      "C": 14.99038672848265,
      "gamma": -7.734218546711653
   },
   "11": {
      "C": 14.99038672848265,
      "gamma": -7.734218546711653
   },
   "12": {
      "C": 14.99038672848265,
      "gamma": -7.734218546711653
   },
   "13": {
      "C": 14.967282570995867,
      "gamma": -6.618486516144903
   },
   "14": {
      "C": 14.967282570995867,
      "gamma": -6.618486516144903
   },
   "15": {
      "C": 14.99038672848265,
      "gamma": -7.734218546711653
   },
   "16": {
      "C": 14.99038672848265,
      "gamma": -7.734218546711653
   },
   "17": {
      "C": 14.99038672848265,
      "gamma": -7.734218546711653
   },
   "18": {
      "C": 14.99038672848265,
      "gamma": -7.734218546711653
   },
   "19": {
      "C": 14.99038672848265,
      "gamma": -7.734218546711653
   },
   "20": {
      "C": 14.99038672848265,
      "gamma": -7.734218546711653
   }
}