{
   "C": 14.979656265984948,
   "gamma": -8.081683926336343,
   "n_clusters": 2.0
}