{
   "1": {
      "C": 14.993197688903832,
      "gamma": -7.022300367668475
   },
   "2": {
      "C": 14.993197688903832,
      "gamma": -7.022300367668475
   },
   "3": {
      "C": 14.993197688903832,
      "gamma": -7.022300367668475
   },
   "4": {
      "C": 14.974121403460432,
      "gamma": -7.922810438816517
   },
   "5": {
      "C": 5.154920794297387,
      "gamma": -11.138113987973995
   }
}