{
   "1": {
      "C": 14.899470410396063,
      "gamma": -3.54875550117054
   },
   "2": {
      "C": 14.998139884452033,
      "gamma": -4.379910280397999
   },
   "3": {
      "C": 14.998139884452033,
      "gamma": -4.379910280397999
   },
   "4": {
      "C": 14.998139884452033,
      "gamma": -4.379910280397999
   },
   "5": {
      "C": 14.998139884452033,
      "gamma": -4.379910280397999
   },
   "6": {
      "C": 14.998139884452033,
      "gamma": -4.379910280397999
   },
   "7": {
      "C": 7.790664614427628,
      "gamma": 5.8866688914356216
   },
   "8": {
      "C": -12.961060092798336,
      "gamma": -3.4410775064150165
   }
}