{
   "C": 14.986694482580512,
   "gamma": -4.4401372352976844
}