{
   "C": 14.458228859684644,
   "gamma": 3.2473235628418813
}