{
   "C": 8.196476442710424,
   "gamma": 4.796993649717244
}