{
   "C": 14.95512025863584,
   "gamma": 0.8989568582379892
}