{
   "C": 6.135860538582815,
   "gamma": -11.060562455522433
}