{
   "C": 14.986336568867008,
   "gamma": -6.9405863682418385
}