{
   "1": {
      "C": -11.0523892111603,
      "gamma": -4.82434817344852
   },
   "2": {
      "C": -11.0523892111603,
      "gamma": -4.82434817344852
   },
   "3": {
      "C": -11.0523892111603,
      "gamma": -4.82434817344852
   },
   "4": {
      "C": -11.0523892111603,
      "gamma": -4.82434817344852
   },
   "5": {
      "C": -11.0523892111603,
      "gamma": -4.82434817344852
   }
}