{
   "1": {
      "C": 14.989133300985158,
      "gamma": -6.095025054250032
   },
   "2": {
      "C": 14.989133300985158,
      "gamma": -6.095025054250032
   },
   "3": {
      "C": 14.990631036018794,
      "gamma": -6.402650747113213
   },
   "4": {
      "C": 14.969082065013444,
      "gamma": -7.515897786284987
   },
   "5": {
      "C": 14.998861951851339,
      "gamma": -8.05704565442464
   },
   "6": {
      "C": 14.992171687751863,
      "gamma": -8.258291538064
   },
   "7": {
      "C": 14.992171687751863,
      "gamma": -8.258291538064
   },
   "8": {
      "C": 14.987465062830678,
      "gamma": -9.024644333212212
   },
   "9": {
      "C": 14.986873900004019,
      "gamma": -9.797853554459914
   },
   "10": {
      "C": 14.987465062830678,
      "gamma": -9.024644333212212
   },
   "11": {
      "C": 14.952068794104486,
      "gamma": -9.37845338399875
   },
   "12": {
      "C": 14.952068794104486,
      "gamma": -9.37845338399875
   },
   "13": {
      "C": 14.986873900004019,
      "gamma": -9.797853554459914
   },
   "14": {
      "C": 14.986873900004019,
      "gamma": -9.797853554459914
   },
   "15": {
      "C": 14.986873900004019,
      "gamma": -9.797853554459914
   },
   "16": {
      "C": 14.975773798351689,
      "gamma": -10.40074788418618
   },
   "17": {
      "C": 14.975773798351689,
      "gamma": -10.40074788418618
   },
   "18": {
      "C": 14.975773798351689,
      "gamma": -10.40074788418618
   },
   "19": {
      "C": 14.975773798351689,
      "gamma": -10.40074788418618
   },
   "20": {
      "C": 14.975773798351689,
      "gamma": -10.40074788418618
   }
}