{
   "1": {
      "C": 12.440891860011332,
      "gamma": -7.660245301827742
   },
   "2": {
      "C": 12.81662419844693,
      "gamma": -7.776525352145998
   },
   "3": {
      "C": 6.1298127416305395,
      "gamma": -9.216307010072137
   },
   "4": {
      "C": 11.474541914816527,
      "gamma": -14.983150448075447
   },
   "5": {
      "C": 2.4300547632196494,
      "gamma": -7.913169870851322
   },
   "6": {
      "C": -0.0032329260147996265,
      "gamma": -10.75190816937845
   }
}