{
   "C": 14.958501724779518,
   "gamma": -9.690259719305908
}