{
   "C": 14.992234535270324,
   "gamma": -9.094530359006107
}