{
   "C": 14.995720894475156,
   "gamma": -6.305599651012464,
   "n_clusters": 6.0
}