{
   "C": 14.962849535060705,
   "gamma": -6.22842084698437
}