{
   "C": 14.992561000146198,
   "gamma": -9.91014471523548
}