{
   "C": 14.98457293577323,
   "gamma": -9.601648316254416,
   "n_clusters": 5.0
}