{
   "C": 10.757890518495577,
   "gamma": -9.411693536731836,
   "n_clusters": 3.0
}