{
   "C": 14.992755090403989,
   "gamma": -7.32839423095958
}