{
   "C": 14.988009713729626,
   "gamma": -6.833212908186711,
   "n_clusters": 3.0
}