{
   "C": 14.977171256887765,
   "gamma": -7.921347850336696,
   "n_clusters": 7.0
}