{
   "1": {
      "C": 14.942327865862383,
      "gamma": -3.5950867356099887
   },
   "2": {
      "C": 14.906778803786395,
      "gamma": -5.056213191173748
   },
   "3": {
      "C": 14.987029265962095,
      "gamma": -5.88783251393238
   },
   "4": {
      "C": 14.96486830981891,
      "gamma": -6.7858104651410285
   },
   "5": {
      "C": 14.979407178482633,
      "gamma": -7.2017837243158125
   },
   "6": {
      "C": 14.979407178482633,
      "gamma": -7.2017837243158125
   },
   "7": {
      "C": 3.5458481435976528,
      "gamma": -13.794007945938745
   },
   "8": {
      "C": -14.971355023257635,
      "gamma": -1.4110990785385713
   }
}