{
   "C": 4.869531378067403,
   "gamma": -4.821651463367223
}