{
   "C": 14.994785144707643,
   "gamma": -7.413459380343355
}