{
   "C": 14.861912980131926,
   "gamma": -7.7411235731616195,
   "n_clusters": 2.0
}