{
   "C": 14.982082721919172,
   "gamma": -5.336703886564594
}