{
   "1": {
      "C": 14.993532447866421,
      "gamma": -7.4195622765252605
   },
   "2": {
      "C": 14.990962616902372,
      "gamma": -9.196588088733254
   },
   "3": {
      "C": 14.990962616902372,
      "gamma": -9.196588088733254
   },
   "4": {
      "C": 7.1740012349227325,
      "gamma": -12.984221184382275
   }
}