{
   "C": 14.987964726015921,
   "gamma": -9.740390163815976,
   "n_clusters": 8.0
}