{
   "1": {
      "C": 14.986492399197,
      "gamma": -5.156715637403228
   },
   "2": {
      "C": 14.984885130094874,
      "gamma": -5.189377787007751
   },
   "3": {
      "C": 14.946667036130242,
      "gamma": -4.48702111138283
   },
   "4": {
      "C": 14.986492399197,
      "gamma": -5.156715637403228
   },
   "5": {
      "C": 14.988554471333778,
      "gamma": -5.716590214559711
   },
   "6": {
      "C": 14.988554471333778,
      "gamma": -5.716590214559711
   },
   "7": {
      "C": 14.988554471333778,
      "gamma": -5.716590214559711
   },
   "8": {
      "C": 14.980649692454694,
      "gamma": -10.514572399544626
   },
   "9": {
      "C": 14.980649692454694,
      "gamma": -10.514572399544626
   },
   "10": {
      "C": 14.930014294813551,
      "gamma": -9.214393918681118
   },
   "11": {
      "C": 14.930014294813551,
      "gamma": -9.214393918681118
   },
   "12": {
      "C": 14.979367610227545,
      "gamma": -8.449371998758531
   },
   "13": {
      "C": 14.930014294813551,
      "gamma": -9.214393918681118
   },
   "14": {
      "C": 14.930014294813551,
      "gamma": -9.214393918681118
   },
   "15": {
      "C": 14.979367610227545,
      "gamma": -8.449371998758531
   },
   "16": {
      "C": 14.979367610227545,
      "gamma": -8.449371998758531
   },
   "17": {
      "C": 14.979367610227545,
      "gamma": -8.449371998758531
   },
   "18": {
      "C": 14.930014294813551,
      "gamma": -9.214393918681118
   },
   "19": {
      "C": 14.930014294813551,
      "gamma": -9.214393918681118
   },
   "20": {
      "C": 14.930014294813551,
      "gamma": -9.214393918681118
   }
}