{
   "C": 11.815380475898184,
   "gamma": 4.165395153857904,
   "n_clusters": 7.0
}