{
   "C": 14.55188656283066,
   "gamma": -6.323087429316184
}