{
   "C": 14.960683977254028,
   "gamma": -8.317852635330059
}