{
   "C": 14.989716209893846,
   "gamma": -6.693882350701849
}