{
   "C": 10.148053917258995,
   "gamma": -8.978410078808807
}