{
   "C": 14.978353663860393,
   "gamma": -6.948556079585984
}