{
   "1": {
      "C": 14.997820676897252,
      "gamma": -5.9033037108522475
   },
   "2": {
      "C": 14.998223236546734,
      "gamma": -6.0383393017167535
   },
   "3": {
      "C": 14.993181700390329,
      "gamma": -6.253247103015793
   },
   "4": {
      "C": 14.998223236546734,
      "gamma": -6.0383393017167535
   },
   "5": {
      "C": 14.998223236546734,
      "gamma": -6.0383393017167535
   },
   "6": {
      "C": 14.997820676897252,
      "gamma": -5.9033037108522475
   },
   "7": {
      "C": 14.998223236546734,
      "gamma": -6.0383393017167535
   },
   "8": {
      "C": 14.990931929117954,
      "gamma": -6.591769023350136
   },
   "9": {
      "C": 14.990931929117954,
      "gamma": -6.591769023350136
   },
   "10": {
      "C": 14.990931929117954,
      "gamma": -6.591769023350136
   },
   "11": {
      "C": 14.995787787998507,
      "gamma": -6.804265135007249
   },
   "12": {
      "C": 14.990931929117954,
      "gamma": -6.591769023350136
   },
   "13": {
      "C": 14.990931929117954,
      "gamma": -6.591769023350136
   },
   "14": {
      "C": 14.993181700390329,
      "gamma": -6.253247103015793
   },
   "15": {
      "C": 14.993181700390329,
      "gamma": -6.253247103015793
   },
   "16": {
      "C": 14.995787787998507,
      "gamma": -6.804265135007249
   },
   "17": {
      "C": 14.995787787998507,
      "gamma": -6.804265135007249
   },
   "18": {
      "C": 14.995787787998507,
      "gamma": -6.804265135007249
   },
   "19": {
      "C": 14.974705726117618,
      "gamma": -7.56501696756017
   },
   "20": {
      "C": 14.995787787998507,
      "gamma": -6.804265135007249
   }
}