{
   "C": 14.985309173080434,
   "gamma": -9.240082768291602
}