{
   "C": 14.882861241185164,
   "gamma": -10.978308555748033
}