{
   "C": 14.993340935924962,
   "gamma": -6.31853962280595,
   "n_clusters": 8.0
}