{
   "C": 14.969664527651098,
   "gamma": -8.10071026193681,
   "n_clusters": 8.0
}