{
   "C": 13.98380513489029,
   "gamma": -2.6551798756341927
}