{
   "1": {
      "C": 14.982328158900904,
      "gamma": -7.6057661933956116
   },
   "2": {
      "C": 14.982590746433694,
      "gamma": -6.167432811511391
   },
   "3": {
      "C": 14.982328158900904,
      "gamma": -7.6057661933956116
   },
   "4": {
      "C": 14.982590746433694,
      "gamma": -6.167432811511391
   },
   "5": {
      "C": 14.982590746433694,
      "gamma": -6.167432811511391
   },
   "6": {
      "C": 14.982590746433694,
      "gamma": -6.167432811511391
   },
   "7": {
      "C": 14.982590746433694,
      "gamma": -6.167432811511391
   },
   "8": {
      "C": 14.982590746433694,
      "gamma": -6.167432811511391
   },
   "9": {
      "C": 14.982590746433694,
      "gamma": -6.167432811511391
   },
   "10": {
      "C": 14.982590746433694,
      "gamma": -6.167432811511391
   },
   "11": {
      "C": 14.982590746433694,
      "gamma": -6.167432811511391
   },
   "12": {
      "C": 14.982590746433694,
      "gamma": -6.167432811511391
   },
   "13": {
      "C": 14.982590746433694,
      "gamma": -6.167432811511391
   },
   "14": {
      "C": 14.982590746433694,
      "gamma": -6.167432811511391
   },
   "15": {
      "C": 14.982590746433694,
      "gamma": -6.167432811511391
   },
   "16": {
      "C": 14.982590746433694,
      "gamma": -6.167432811511391
   }
}