{
   "C": 14.951029751455968,
   "gamma": -11.65774658813865,
   "n_clusters": 8.0
}