{
   "C": 4.1573257185717765,
   "gamma": 3.4480880148247834,
   "n_clusters": 5.0
}