{
   "C": 14.978934064793966,
   "gamma": -7.812882125606828
}