{
   "C": 14.973407667992245,
   "gamma": -9.748421453311641,
   "n_clusters": 6.0
}