{
   "C": 14.995924028965106,
   "gamma": -8.168463273157448,
   "n_clusters": 7.0
}