{
   "1": {
      "C": 14.984017312076054,
      "gamma": -6.969301408586677
   },
   "2": {
      "C": 14.984017312076054,
      "gamma": -6.969301408586677
   },
   "3": {
      "C": 14.984017312076054,
      "gamma": -6.969301408586677
   },
   "4": {
      "C": 14.984488917299464,
      "gamma": -2.781237791815834
   },
   "5": {
      "C": -2.212280499410648,
      "gamma": -5.938482607546579
   }
}