{
   "C": 12.129663693753722,
   "gamma": -10.989016504729005
}