{
   "C": 14.994084361644628,
   "gamma": -7.0091014847899125
}