{
   "1": {
      "C": 14.994975299360629,
      "gamma": -5.623960575769288
   },
   "2": {
      "C": 14.998231243283335,
      "gamma": -6.616938442852484
   },
   "3": {
      "C": 14.96447375803098,
      "gamma": -11.900606360992892
   },
   "4": {
      "C": 14.998231243283335,
      "gamma": -6.616938442852484
   },
   "5": {
      "C": 14.982598814245545,
      "gamma": -6.366890768123969
   },
   "6": {
      "C": 14.982598814245545,
      "gamma": -6.366890768123969
   },
   "7": {
      "C": 14.998231243283335,
      "gamma": -6.616938442852484
   },
   "8": {
      "C": 14.968432021818066,
      "gamma": -10.20959464933299
   },
   "9": {
      "C": 14.983091083383913,
      "gamma": -9.485436467436008
   },
   "10": {
      "C": 14.983091083383913,
      "gamma": -9.485436467436008
   },
   "11": {
      "C": 14.983091083383913,
      "gamma": -9.485436467436008
   },
   "12": {
      "C": 14.983091083383913,
      "gamma": -9.485436467436008
   },
   "13": {
      "C": 14.969364665079427,
      "gamma": -8.815158154678839
   },
   "14": {
      "C": 14.983091083383913,
      "gamma": -9.485436467436008
   },
   "15": {
      "C": 14.983091083383913,
      "gamma": -9.485436467436008
   },
   "16": {
      "C": 14.969364665079427,
      "gamma": -8.815158154678839
   },
   "17": {
      "C": 14.969364665079427,
      "gamma": -8.815158154678839
   },
   "18": {
      "C": 14.969364665079427,
      "gamma": -8.815158154678839
   },
   "19": {
      "C": 14.969364665079427,
      "gamma": -8.815158154678839
   },
   "20": {
      "C": 14.969364665079427,
      "gamma": -8.815158154678839
   }
}