{
   "C": 14.94950539777975,
   "gamma": -4.210527510519734
}