{
   "1": {
      "C": 12.207096965061131,
      "gamma": -0.8421076428769521
   },
   "2": {
      "C": 12.1182923151482,
      "gamma": -12.205598665970975
   },
   "3": {
      "C": 12.1182923151482,
      "gamma": -12.205598665970975
   },
   "4": {
      "C": 12.1182923151482,
      "gamma": -12.205598665970975
   },
   "5": {
      "C": 12.1182923151482,
      "gamma": -12.205598665970975
   },
   "6": {
      "C": 12.1182923151482,
      "gamma": -12.205598665970975
   },
   "7": {
      "C": 12.1182923151482,
      "gamma": -12.205598665970975
   },
   "8": {
      "C": 12.1182923151482,
      "gamma": -12.205598665970975
   },
   "9": {
      "C": 12.1182923151482,
      "gamma": -12.205598665970975
   },
   "10": {
      "C": 12.1182923151482,
      "gamma": -12.205598665970975
   },
   "11": {
      "C": 12.1182923151482,
      "gamma": -12.205598665970975
   },
   "12": {
      "C": 12.1182923151482,
      "gamma": -12.205598665970975
   },
   "13": {
      "C": 12.1182923151482,
      "gamma": -12.205598665970975
   },
   "14": {
      "C": 12.1182923151482,
      "gamma": -12.205598665970975
   },
   "15": {
      "C": 12.1182923151482,
      "gamma": -12.205598665970975
   },
   "16": {
      "C": 12.1182923151482,
      "gamma": -12.205598665970975
   },
   "17": {
      "C": 12.1182923151482,
      "gamma": -12.205598665970975
   },
   "18": {
      "C": 12.1182923151482,
      "gamma": -12.205598665970975
   },
   "19": {
      "C": 12.1182923151482,
      "gamma": -12.205598665970975
   },
   "20": {
      "C": 12.1182923151482,
      "gamma": -12.205598665970975
   }
}