{
   "C": 14.998681906739394,
   "gamma": -6.926316181798295,
   "n_clusters": 6.0
}