{
   "C": 14.974036910346555,
   "gamma": -9.269400376162414
}