{
   "C": 14.938480759045206,
   "gamma": -14.35457568821093
}