{
   "C": 10.986963115811,
   "gamma": 3.2067038632421827
}