{
   "C": 14.987615937295587,
   "gamma": -6.152068439079082,
   "n_clusters": 5.0
}