{
   "C": -0.46354226438703,
   "gamma": 10.520176110433887
}