{
   "C": 14.955534388350985,
   "gamma": -8.28985515631425
}