{
   "C": -6.887572212411325,
   "gamma": -13.496354419535466,
   "n_clusters": 5.0
}