{
   "C": 14.996481955908328,
   "gamma": -10.234504504533447
}