{
   "C": 14.996450484144473,
   "gamma": -7.7772321797355914
}