{
   "1": {
      "C": 14.972233920289927,
      "gamma": -1.7760147642897095
   },
   "2": {
      "C": 14.972233920289927,
      "gamma": -1.7760147642897095
   },
   "3": {
      "C": 14.995635123523185,
      "gamma": -7.434445365793022
   },
   "4": {
      "C": 14.995635123523185,
      "gamma": -7.434445365793022
   },
   "5": {
      "C": 14.986242910555914,
      "gamma": -8.805476974802207
   },
   "6": {
      "C": 8.595589894376594,
      "gamma": -0.08171155633880467
   },
   "7": {
      "C": 0.4874485018616885,
      "gamma": -0.9199456338509407
   },
   "8": {
      "C": -7.452120894723882,
      "gamma": 14.963012511726664
   }
}