{
   "C": -0.8722560569002962,
   "gamma": -9.611237362216468
}