{
   "C": 14.970568479795391,
   "gamma": -8.039674184425557,
   "n_clusters": 2.0
}