{
   "1": {
      "C": 14.972302664430961,
      "gamma": -6.320286675210661
   },
   "2": {
      "C": 14.964819570821865,
      "gamma": -7.168000845715582
   },
   "3": {
      "C": 14.964819570821865,
      "gamma": -7.168000845715582
   },
   "4": {
      "C": 14.964819570821865,
      "gamma": -7.168000845715582
   },
   "5": {
      "C": 14.964819570821865,
      "gamma": -7.168000845715582
   },
   "6": {
      "C": 14.948742261988034,
      "gamma": -6.970967909381767
   },
   "7": {
      "C": 14.95655830476712,
      "gamma": -6.675397980536309
   },
   "8": {
      "C": 14.964819570821865,
      "gamma": -7.168000845715582
   },
   "9": {
      "C": 14.99762758697766,
      "gamma": -7.7785993319001205
   },
   "10": {
      "C": 14.964819570821865,
      "gamma": -7.168000845715582
   },
   "11": {
      "C": 14.95655830476712,
      "gamma": -6.675397980536309
   },
   "12": {
      "C": 14.990528073291928,
      "gamma": -7.940520758997444
   },
   "13": {
      "C": 14.994911851621465,
      "gamma": -8.337140855202136
   },
   "14": {
      "C": 14.994911851621465,
      "gamma": -8.337140855202136
   },
   "15": {
      "C": 14.994911851621465,
      "gamma": -8.337140855202136
   },
   "16": {
      "C": 14.994911851621465,
      "gamma": -8.337140855202136
   },
   "17": {
      "C": 14.994911851621465,
      "gamma": -8.337140855202136
   },
   "18": {
      "C": 14.994911851621465,
      "gamma": -8.337140855202136
   },
   "19": {
      "C": 14.994911851621465,
      "gamma": -8.337140855202136
   },
   "20": {
      "C": 14.994911851621465,
      "gamma": -8.337140855202136
   }
}