{
   "C": 14.982603237086414,
   "gamma": -10.607702741553656,
   "n_clusters": 2.0
}