{
   "C": 13.760543481276915,
   "gamma": -10.958095498138263,
   "n_clusters": 5.0
}