{
   "C": 14.979034953881268,
   "gamma": -9.597250698033204
}