{
   "C": 8.806560064755953,
   "gamma": -6.065983198572977,
   "n_clusters": 7.0
}