{
   "C": 14.996510193299935,
   "gamma": -8.733599595802769
}