{
   "1": {
      "C": 14.984960393549494,
      "gamma": -8.902061404972002
   },
   "2": {
      "C": 14.982563203522995,
      "gamma": -8.221260332088848
   },
   "3": {
      "C": 14.982563203522995,
      "gamma": -8.221260332088848
   },
   "4": {
      "C": 14.984960393549494,
      "gamma": -8.902061404972002
   },
   "5": {
      "C": 14.981479868295416,
      "gamma": -9.324074491400873
   },
   "6": {
      "C": 14.981479868295416,
      "gamma": -9.324074491400873
   },
   "7": {
      "C": 14.960662966927122,
      "gamma": -10.198517945866211
   },
   "8": {
      "C": 14.960662966927122,
      "gamma": -10.198517945866211
   },
   "9": {
      "C": 14.960662966927122,
      "gamma": -10.198517945866211
   },
   "10": {
      "C": 14.960662966927122,
      "gamma": -10.198517945866211
   },
   "11": {
      "C": 14.960662966927122,
      "gamma": -10.198517945866211
   },
   "12": {
      "C": 14.960662966927122,
      "gamma": -10.198517945866211
   },
   "13": {
      "C": 14.983815047001407,
      "gamma": -10.74514281771317
   },
   "14": {
      "C": 14.983815047001407,
      "gamma": -10.74514281771317
   },
   "15": {
      "C": 14.983815047001407,
      "gamma": -10.74514281771317
   },
   "16": {
      "C": 14.983815047001407,
      "gamma": -10.74514281771317
   },
   "17": {
      "C": 14.983815047001407,
      "gamma": -10.74514281771317
   },
   "18": {
      "C": 14.994996727078163,
      "gamma": -10.988996468437124
   },
   "19": {
      "C": 14.994996727078163,
      "gamma": -10.988996468437124
   },
   "20": {
      "C": 14.994996727078163,
      "gamma": -10.988996468437124
   }
}