{
   "1": {
      "C": 14.991701683366564,
      "gamma": -6.887803304761817
   },
   "2": {
      "C": 14.973829000197876,
      "gamma": -7.563649828478094
   },
   "3": {
      "C": 14.988213377368705,
      "gamma": -9.159436392672408
   },
   "4": {
      "C": 14.988213377368705,
      "gamma": -9.159436392672408
   },
   "5": {
      "C": 14.988213377368705,
      "gamma": -9.159436392672408
   },
   "6": {
      "C": 14.988213377368705,
      "gamma": -9.159436392672408
   },
   "7": {
      "C": 14.988213377368705,
      "gamma": -9.159436392672408
   },
   "8": {
      "C": 14.988213377368705,
      "gamma": -9.159436392672408
   },
   "9": {
      "C": 14.988213377368705,
      "gamma": -9.159436392672408
   },
   "10": {
      "C": 14.895917675380833,
      "gamma": -9.877350691563182
   },
   "11": {
      "C": 14.895917675380833,
      "gamma": -9.877350691563182
   },
   "12": {
      "C": 14.915770431816401,
      "gamma": -10.33258536676705
   },
   "13": {
      "C": 14.915770431816401,
      "gamma": -10.33258536676705
   },
   "14": {
      "C": 14.915770431816401,
      "gamma": -10.33258536676705
   },
   "15": {
      "C": 14.915770431816401,
      "gamma": -10.33258536676705
   },
   "16": {
      "C": 14.915770431816401,
      "gamma": -10.33258536676705
   }
}