{
   "C": 14.988640270445828,
   "gamma": -6.87972808779853,
   "n_clusters": 6.0
}