{
   "1": {
      "C": 14.472915677470054,
      "gamma": -1.2003688874129246
   },
   "2": {
      "C": 14.472915677470054,
      "gamma": -1.2003688874129246
   },
   "3": {
      "C": 14.971065399156842,
      "gamma": -7.451004384048237
   },
   "4": {
      "C": 14.99238926773603,
      "gamma": -7.540389613701046
   },
   "5": {
      "C": 14.99509002005628,
      "gamma": -9.44776934148117
   },
   "6": {
      "C": 13.20351974392537,
      "gamma": -4.725873626243448
   },
   "7": {
      "C": 12.632310587927725,
      "gamma": -3.7847320399689286
   },
   "8": {
      "C": 6.865686335265283,
      "gamma": -1.7303548674822355
   }
}