{
   "1": {
      "C": 14.987295325660837,
      "gamma": -6.002572397930896
   },
   "2": {
      "C": 14.988657553034663,
      "gamma": -8.000495800993635
   },
   "3": {
      "C": 14.988657553034663,
      "gamma": -8.000495800993635
   },
   "4": {
      "C": 14.990909940999297,
      "gamma": -8.185609840926004
   },
   "5": {
      "C": 14.990909940999297,
      "gamma": -8.185609840926004
   },
   "6": {
      "C": 14.965853028575363,
      "gamma": -8.391056333269201
   },
   "7": {
      "C": 14.988657553034663,
      "gamma": -8.000495800993635
   },
   "8": {
      "C": 14.990909940999297,
      "gamma": -8.185609840926004
   },
   "9": {
      "C": 14.990498281873956,
      "gamma": -9.224310367567584
   },
   "10": {
      "C": 14.994781175518712,
      "gamma": -9.596188778939974
   },
   "11": {
      "C": 14.990498281873956,
      "gamma": -9.224310367567584
   },
   "12": {
      "C": 14.969722869672642,
      "gamma": -10.459482518241767
   },
   "13": {
      "C": 14.969722869672642,
      "gamma": -10.459482518241767
   },
   "14": {
      "C": 14.969722869672642,
      "gamma": -10.459482518241767
   },
   "15": {
      "C": 14.969722869672642,
      "gamma": -10.459482518241767
   },
   "16": {
      "C": 14.969722869672642,
      "gamma": -10.459482518241767
   },
   "17": {
      "C": 14.969722869672642,
      "gamma": -10.459482518241767
   },
   "18": {
      "C": 14.981650645561668,
      "gamma": -11.359173358469148
   },
   "19": {
      "C": 14.981650645561668,
      "gamma": -11.359173358469148
   },
   "20": {
      "C": 14.981650645561668,
      "gamma": -11.359173358469148
   }
}