{
   "C": 14.999797565619867,
   "gamma": -9.408115217608753,
   "n_clusters": 8.0
}