{
   "C": 14.984075788363919,
   "gamma": -10.139199574801962,
   "n_clusters": 3.0
}