{
   "C": 14.972388764858124,
   "gamma": 1.2389900219871033
}