{
   "C": 14.953305206540914,
   "gamma": -8.207548919227655,
   "n_clusters": 2.0
}