{
   "1": {
      "C": 14.999354674859145,
      "gamma": -5.877041336761782
   },
   "2": {
      "C": 14.963611993149119,
      "gamma": -6.5290947644179465
   },
   "3": {
      "C": 14.985296896633342,
      "gamma": -7.257754267689758
   },
   "4": {
      "C": 14.966510876277821,
      "gamma": -7.416763058878548
   },
   "5": {
      "C": 14.998667883990107,
      "gamma": -8.334112482144553
   },
   "6": {
      "C": 14.998667883990107,
      "gamma": -8.334112482144553
   },
   "7": {
      "C": 14.991947359675391,
      "gamma": -8.84217002569607
   },
   "8": {
      "C": 14.991947359675391,
      "gamma": -8.84217002569607
   },
   "9": {
      "C": 14.972386843157723,
      "gamma": -9.333853402690726
   },
   "10": {
      "C": 14.972386843157723,
      "gamma": -9.333853402690726
   },
   "11": {
      "C": 14.99663142516268,
      "gamma": -10.004601245439416
   },
   "12": {
      "C": 14.99663142516268,
      "gamma": -10.004601245439416
   },
   "13": {
      "C": 14.99663142516268,
      "gamma": -10.004601245439416
   },
   "14": {
      "C": 14.97669666900251,
      "gamma": -10.966233570961345
   },
   "15": {
      "C": 14.97669666900251,
      "gamma": -10.966233570961345
   },
   "16": {
      "C": 14.97669666900251,
      "gamma": -10.966233570961345
   },
   "17": {
      "C": 14.97669666900251,
      "gamma": -10.966233570961345
   },
   "18": {
      "C": 14.97669666900251,
      "gamma": -10.966233570961345
   },
   "19": {
      "C": 14.998349265173232,
      "gamma": -11.468725086838065
   },
   "20": {
      "C": 14.97669666900251,
      "gamma": -10.966233570961345
   }
}