{
   "C": 14.982191664398597,
   "gamma": -10.024829375085314
}