{
   "C": 14.987480915359425,
   "gamma": -6.795940230696207,
   "n_clusters": 8.0
}