{
   "1": {
      "C": 12.817378767961955,
      "gamma": -8.052778829217694
   },
   "2": {
      "C": 14.989958676513155,
      "gamma": -10.248435693501836
   },
   "3": {
      "C": 10.338943146327033,
      "gamma": -10.461753982286684
   },
   "4": {
      "C": 13.554265653741345,
      "gamma": -14.578335163524029
   },
   "5": {
      "C": 4.0632524717923735,
      "gamma": -9.238032131244328
   },
   "6": {
      "C": 14.74258437653027,
      "gamma": -14.866980832865186
   }
}