{
   "1": {
      "C": 14.965030005435347,
      "gamma": -7.4610711812839385
   },
   "2": {
      "C": 14.9977948017336,
      "gamma": -9.179953347173207
   },
   "3": {
      "C": 14.999874454593003,
      "gamma": -8.024993973755809
   },
   "4": {
      "C": 7.896177601440589,
      "gamma": -13.248037320559304
   }
}