{
   "C": 14.943891044883467,
   "gamma": -10.64421021039082,
   "n_clusters": 6.0
}