{
   "C": 14.958249374887938,
   "gamma": -5.996933100216506
}