{
   "C": 14.98173402459951,
   "gamma": -8.226264679382611,
   "n_clusters": 4.0
}