{
   "C": -3.5265012974198364,
   "gamma": 9.025172280007505
}