{
   "C": 8.238958778793435,
   "gamma": -8.94053217238264,
   "n_clusters": 7.0
}