{
   "C": 11.666533605332086,
   "gamma": -8.898683521830847
}