{
   "C": 14.997221661045813,
   "gamma": -6.391375036983409
}