{
   "C": 14.72292067929858,
   "gamma": -10.848900428387957,
   "n_clusters": 8.0
}