{
   "C": 14.983251203452973,
   "gamma": -5.269138776228097
}