{
   "1": {
      "C": 14.98787213664034,
      "gamma": -3.693807254847497
   },
   "2": {
      "C": 14.98787213664034,
      "gamma": -3.693807254847497
   },
   "3": {
      "C": 14.98787213664034,
      "gamma": -3.693807254847497
   },
   "4": {
      "C": 14.98787213664034,
      "gamma": -3.693807254847497
   },
   "5": {
      "C": 14.990709569167965,
      "gamma": -4.1498790468366895
   },
   "6": {
      "C": 14.985012814583484,
      "gamma": -5.283037471563418
   },
   "7": {
      "C": 14.363253668733178,
      "gamma": 5.867230853003999
   },
   "8": {
      "C": -9.422995936019804,
      "gamma": 5.271376663550843
   }
}