{
   "C": 13.873052582496186,
   "gamma": -11.118499842099283
}