{
   "C": 14.968149399668373,
   "gamma": -6.923900054421912,
   "n_clusters": 8.0
}