{
   "1": {
      "C": 12.493053386220055,
      "gamma": -7.666054252063537
   },
   "2": {
      "C": 12.591365411241796,
      "gamma": -8.322248113302981
   },
   "3": {
      "C": 12.752323940291381,
      "gamma": -14.194849247748856
   },
   "4": {
      "C": 10.667890449284512,
      "gamma": -12.434527112130379
   },
   "5": {
      "C": 14.453979257329593,
      "gamma": -14.99487713454834
   },
   "6": {
      "C": 1.4718924459478444,
      "gamma": -11.2893152705177
   }
}