{
   "1": {
      "C": 14.999828101577261,
      "gamma": -8.554541886451764
   },
   "2": {
      "C": 14.993646184864607,
      "gamma": -7.030541304251043
   },
   "3": {
      "C": 14.987816374065574,
      "gamma": -6.3046230890572845
   },
   "4": {
      "C": 14.993646184864607,
      "gamma": -7.030541304251043
   },
   "5": {
      "C": 14.987816374065574,
      "gamma": -6.3046230890572845
   },
   "6": {
      "C": 14.993646184864607,
      "gamma": -7.030541304251043
   },
   "7": {
      "C": 14.993646184864607,
      "gamma": -7.030541304251043
   },
   "8": {
      "C": 14.993646184864607,
      "gamma": -7.030541304251043
   },
   "9": {
      "C": 14.993646184864607,
      "gamma": -7.030541304251043
   },
   "10": {
      "C": 14.993646184864607,
      "gamma": -7.030541304251043
   },
   "11": {
      "C": 14.993646184864607,
      "gamma": -7.030541304251043
   },
   "12": {
      "C": 14.993646184864607,
      "gamma": -7.030541304251043
   },
   "13": {
      "C": 14.987816374065574,
      "gamma": -6.3046230890572845
   },
   "14": {
      "C": 14.993646184864607,
      "gamma": -7.030541304251043
   },
   "15": {
      "C": 14.987816374065574,
      "gamma": -6.3046230890572845
   },
   "16": {
      "C": 14.993646184864607,
      "gamma": -7.030541304251043
   },
   "17": {
      "C": 14.987816374065574,
      "gamma": -6.3046230890572845
   },
   "18": {
      "C": 14.993646184864607,
      "gamma": -7.030541304251043
   },
   "19": {
      "C": 14.993646184864607,
      "gamma": -7.030541304251043
   },
   "20": {
      "C": 14.993646184864607,
      "gamma": -7.030541304251043
   }
}