{
   "C": -6.209845088979664,
   "gamma": 1.2557498621929035
}