{
   "C": 14.986072372608433,
   "gamma": -5.323367301641933
}