{
   "C": 12.243568401148613,
   "gamma": -5.66089719972206
}