{
   "1": {
      "C": 14.809777974394365,
      "gamma": -11.088665299596762
   },
   "2": {
      "C": 14.809777974394365,
      "gamma": -11.088665299596762
   },
   "3": {
      "C": 14.809777974394365,
      "gamma": -11.088665299596762
   },
   "4": {
      "C": 14.809777974394365,
      "gamma": -11.088665299596762
   },
   "5": {
      "C": 14.809777974394365,
      "gamma": -11.088665299596762
   },
   "6": {
      "C": 14.809777974394365,
      "gamma": -11.088665299596762
   },
   "7": {
      "C": 14.809777974394365,
      "gamma": -11.088665299596762
   },
   "8": {
      "C": 14.809777974394365,
      "gamma": -11.088665299596762
   },
   "9": {
      "C": 14.809777974394365,
      "gamma": -11.088665299596762
   },
   "10": {
      "C": 14.809777974394365,
      "gamma": -11.088665299596762
   },
   "11": {
      "C": 14.809777974394365,
      "gamma": -11.088665299596762
   },
   "12": {
      "C": 14.809777974394365,
      "gamma": -11.088665299596762
   },
   "13": {
      "C": 14.052512758726234,
      "gamma": -9.45680117153142
   },
   "14": {
      "C": 14.809777974394365,
      "gamma": -11.088665299596762
   },
   "15": {
      "C": 14.809777974394365,
      "gamma": -11.088665299596762
   }
}