{
   "1": {
      "C": 14.99998798454931,
      "gamma": -7.573769992427461
   },
   "2": {
      "C": 14.99778698298626,
      "gamma": -8.929720588771868
   },
   "3": {
      "C": 14.99778698298626,
      "gamma": -8.929720588771868
   },
   "4": {
      "C": 8.656818866766187,
      "gamma": -14.126562619616443
   }
}