{
   "C": 14.90782225147642,
   "gamma": -5.096675605234808
}