{
   "1": {
      "C": 9.623890519945183,
      "gamma": 2.0784674463038257
   },
   "2": {
      "C": 9.623890519945183,
      "gamma": 2.0784674463038257
   },
   "3": {
      "C": 9.623890519945183,
      "gamma": 2.0784674463038257
   },
   "4": {
      "C": 9.623890519945183,
      "gamma": 2.0784674463038257
   },
   "5": {
      "C": 4.6966238851706805,
      "gamma": 0.48466236726516604
   }
}