{
   "C": 14.903548013964492,
   "gamma": -11.007718411768368,
   "n_clusters": 7.0
}