{
   "C": 11.175962679317232,
   "gamma": -10.015334571707676
}