{
   "C": 14.980977465047907,
   "gamma": -0.6319794954808332
}