{
   "C": 14.996826732801736,
   "gamma": -7.556140311938642,
   "n_clusters": 8.0
}