{
   "C": 14.973939375409605,
   "gamma": -6.646687335817485,
   "n_clusters": 5.0
}