{
   "C": 14.968108148122015,
   "gamma": -8.407694354020244
}