{
   "C": 14.973804247523804,
   "gamma": -8.755218748505245
}