{
   "C": 14.972032710233787,
   "gamma": -7.321079529999291
}