{
   "1": {
      "C": -4.454149309594861,
      "gamma": -7.39850532725004
   },
   "2": {
      "C": -4.454149309594861,
      "gamma": -7.39850532725004
   },
   "3": {
      "C": -4.454149309594861,
      "gamma": -7.39850532725004
   },
   "4": {
      "C": -4.454149309594861,
      "gamma": -7.39850532725004
   },
   "5": {
      "C": -4.454149309594861,
      "gamma": -7.39850532725004
   },
   "6": {
      "C": -4.454149309594861,
      "gamma": -7.39850532725004
   }
}