{
   "1": {
      "C": 14.999812453798704,
      "gamma": -5.711833542318543
   },
   "2": {
      "C": 14.993320588625041,
      "gamma": -6.079105231585901
   },
   "3": {
      "C": 14.867914190707994,
      "gamma": -4.574517997314749
   },
   "4": {
      "C": 14.94686722317436,
      "gamma": -7.184040122426338
   },
   "5": {
      "C": 14.99667742854982,
      "gamma": -8.269101147598018
   },
   "6": {
      "C": 14.96493370914886,
      "gamma": -8.095126589817168
   },
   "7": {
      "C": 14.997901422960187,
      "gamma": -9.932766143672248
   },
   "8": {
      "C": 14.981638823413675,
      "gamma": -10.324634757049537
   },
   "9": {
      "C": 14.981638823413675,
      "gamma": -10.324634757049537
   },
   "10": {
      "C": 14.981638823413675,
      "gamma": -10.324634757049537
   },
   "11": {
      "C": 14.995640636707174,
      "gamma": -10.866925435902063
   },
   "12": {
      "C": 14.981638823413675,
      "gamma": -10.324634757049537
   },
   "13": {
      "C": 14.981638823413675,
      "gamma": -10.324634757049537
   },
   "14": {
      "C": 14.995640636707174,
      "gamma": -10.866925435902063
   },
   "15": {
      "C": 14.995640636707174,
      "gamma": -10.866925435902063
   },
   "16": {
      "C": 14.995640636707174,
      "gamma": -10.866925435902063
   },
   "17": {
      "C": 14.995640636707174,
      "gamma": -10.866925435902063
   },
   "18": {
      "C": 14.995640636707174,
      "gamma": -10.866925435902063
   },
   "19": {
      "C": 14.98811932441576,
      "gamma": -11.023557488906151
   },
   "20": {
      "C": 14.995640636707174,
      "gamma": -10.866925435902063
   }
}