{
   "1": {
      "C": 14.958491044451428,
      "gamma": -7.049426040178416
   },
   "2": {
      "C": 14.958491044451428,
      "gamma": -7.049426040178416
   },
   "3": {
      "C": 14.947515540809846,
      "gamma": -7.414786473389507
   },
   "4": {
      "C": 14.95440604379345,
      "gamma": -6.896852546257717
   },
   "5": {
      "C": 14.994570366500618,
      "gamma": -6.538619403224466
   },
   "6": {
      "C": 14.994570366500618,
      "gamma": -6.538619403224466
   },
   "7": {
      "C": 14.994570366500618,
      "gamma": -6.538619403224466
   },
   "8": {
      "C": 14.994570366500618,
      "gamma": -6.538619403224466
   },
   "9": {
      "C": 14.994570366500618,
      "gamma": -6.538619403224466
   },
   "10": {
      "C": 14.994570366500618,
      "gamma": -6.538619403224466
   },
   "11": {
      "C": 14.994570366500618,
      "gamma": -6.538619403224466
   },
   "12": {
      "C": 14.994570366500618,
      "gamma": -6.538619403224466
   },
   "13": {
      "C": 14.994570366500618,
      "gamma": -6.538619403224466
   },
   "14": {
      "C": 14.994570366500618,
      "gamma": -6.538619403224466
   },
   "15": {
      "C": 14.994570366500618,
      "gamma": -6.538619403224466
   },
   "16": {
      "C": 14.994570366500618,
      "gamma": -6.538619403224466
   }
}