{
   "C": 14.99016414705944,
   "gamma": -6.659851811316219
}