{
   "C": 14.98561025489317,
   "gamma": -9.504805353891703
}