{
   "C": 14.988751880759974,
   "gamma": -7.309146365247631
}