{
   "1": {
      "C": 11.798949758282793,
      "gamma": -8.13801974014427
   },
   "2": {
      "C": 11.798949758282793,
      "gamma": -8.13801974014427
   },
   "3": {
      "C": 11.798949758282793,
      "gamma": -8.13801974014427
   },
   "4": {
      "C": 11.798949758282793,
      "gamma": -8.13801974014427
   },
   "5": {
      "C": 11.798949758282793,
      "gamma": -8.13801974014427
   },
   "6": {
      "C": 11.798949758282793,
      "gamma": -8.13801974014427
   },
   "7": {
      "C": 11.798949758282793,
      "gamma": -8.13801974014427
   },
   "8": {
      "C": 11.798949758282793,
      "gamma": -8.13801974014427
   },
   "9": {
      "C": 11.798949758282793,
      "gamma": -8.13801974014427
   },
   "10": {
      "C": 11.798949758282793,
      "gamma": -8.13801974014427
   },
   "11": {
      "C": 11.798949758282793,
      "gamma": -8.13801974014427
   },
   "12": {
      "C": 11.798949758282793,
      "gamma": -8.13801974014427
   },
   "13": {
      "C": 11.798949758282793,
      "gamma": -8.13801974014427
   },
   "14": {
      "C": 11.798949758282793,
      "gamma": -8.13801974014427
   },
   "15": {
      "C": 11.798949758282793,
      "gamma": -8.13801974014427
   },
   "16": {
      "C": 11.798949758282793,
      "gamma": -8.13801974014427
   },
   "17": {
      "C": 11.798949758282793,
      "gamma": -8.13801974014427
   },
   "18": {
      "C": 11.798949758282793,
      "gamma": -8.13801974014427
   },
   "19": {
      "C": 11.798949758282793,
      "gamma": -8.13801974014427
   },
   "20": {
      "C": 11.798949758282793,
      "gamma": -8.13801974014427
   }
}