{
   "1": {
      "C": 14.984199070929634,
      "gamma": -1.8926941384535096
   },
   "2": {
      "C": 14.984199070929634,
      "gamma": -1.8926941384535096
   },
   "3": {
      "C": 14.95038033778041,
      "gamma": -7.370922790895188
   },
   "4": {
      "C": 14.929346898670858,
      "gamma": -7.863079359077238
   },
   "5": {
      "C": 14.945624273646793,
      "gamma": -11.019877287659893
   },
   "6": {
      "C": 14.447058096503445,
      "gamma": -5.9443266038116205
   },
   "7": {
      "C": 14.28736785204118,
      "gamma": -5.87572822628351
   },
   "8": {
      "C": 8.166330112723319,
      "gamma": -13.262583294608124
   }
}