{
   "C": 14.980432600347838,
   "gamma": -7.7049506093944125
}