{
   "C": 14.996654760599279,
   "gamma": -7.422484654666219
}