{
   "C": 13.14201661434121,
   "gamma": -9.145217988961829
}