{
   "C": 14.998760555856766,
   "gamma": -7.856229497920145
}