{
   "C": 14.995773754311447,
   "gamma": -8.372867448860655,
   "n_clusters": 7.0
}