{
   "1": {
      "C": 14.967921430465825,
      "gamma": -4.055279386857803
   },
   "2": {
      "C": 14.959291044018636,
      "gamma": -6.300563995375563
   },
   "3": {
      "C": 14.993484046654235,
      "gamma": -7.433062393225003
   },
   "4": {
      "C": 14.993484046654235,
      "gamma": -7.433062393225003
   },
   "5": {
      "C": 14.978280033540779,
      "gamma": -8.489544311450375
   },
   "6": {
      "C": 14.978280033540779,
      "gamma": -8.489544311450375
   },
   "7": {
      "C": 14.997657767244444,
      "gamma": -9.917342141733977
   },
   "8": {
      "C": 14.997657767244444,
      "gamma": -9.917342141733977
   },
   "9": {
      "C": 14.997657767244444,
      "gamma": -9.917342141733977
   },
   "10": {
      "C": 14.997657767244444,
      "gamma": -9.917342141733977
   },
   "11": {
      "C": 14.997657767244444,
      "gamma": -9.917342141733977
   },
   "12": {
      "C": 14.985302055840242,
      "gamma": -10.988542417163565
   },
   "13": {
      "C": 14.997657767244444,
      "gamma": -9.917342141733977
   },
   "14": {
      "C": 14.99942704191931,
      "gamma": -10.636528695472746
   },
   "15": {
      "C": 14.991321948498236,
      "gamma": -10.447159374506217
   },
   "16": {
      "C": 14.99942704191931,
      "gamma": -10.636528695472746
   },
   "17": {
      "C": 14.997657767244444,
      "gamma": -9.917342141733977
   },
   "18": {
      "C": 14.985302055840242,
      "gamma": -10.988542417163565
   },
   "19": {
      "C": 14.99942704191931,
      "gamma": -10.636528695472746
   },
   "20": {
      "C": 14.99942704191931,
      "gamma": -10.636528695472746
   }
}