{
   "C": 14.999663194459718,
   "gamma": -8.448147395408697
}