{
   "C": 14.397098792513395,
   "gamma": -9.56073621814834
}