{
   "C": 14.985812585564464,
   "gamma": -6.954801260353682
}