{
   "C": 10.71973956773383,
   "gamma": -9.269311147267622,
   "n_clusters": 3.0
}