{
   "C": 14.984734783423402,
   "gamma": -7.745378675011407
}