{
   "C": 14.888619663469074,
   "gamma": -3.4125338335329216,
   "n_clusters": 4.0
}