{
   "C": 14.959782078696824,
   "gamma": -11.007941878542876
}