{
   "C": 14.995715043240994,
   "gamma": -9.378992481587042
}