{
   "C": 14.765440885417554,
   "gamma": -11.995879524839909
}