{
   "C": 14.949845310439663,
   "gamma": -4.898530063726583
}