{
   "1": {
      "C": 14.970449357891574,
      "gamma": -3.5777346428381405
   },
   "2": {
      "C": 14.960108448416836,
      "gamma": -5.598517502414904
   },
   "3": {
      "C": 14.995974241321154,
      "gamma": -6.298143856893085
   },
   "4": {
      "C": 14.982888067349984,
      "gamma": -7.208306233709828
   },
   "5": {
      "C": 14.982888067349984,
      "gamma": -7.208306233709828
   },
   "6": {
      "C": 14.967402022166036,
      "gamma": -6.515897456886853
   },
   "7": {
      "C": 14.982888067349984,
      "gamma": -7.208306233709828
   },
   "8": {
      "C": 14.982888067349984,
      "gamma": -7.208306233709828
   },
   "9": {
      "C": 14.967402022166036,
      "gamma": -6.515897456886853
   },
   "10": {
      "C": 14.993370360841455,
      "gamma": -8.148831247706715
   },
   "11": {
      "C": 14.982888067349984,
      "gamma": -7.208306233709828
   },
   "12": {
      "C": 14.982888067349984,
      "gamma": -7.208306233709828
   },
   "13": {
      "C": 14.995974241321154,
      "gamma": -6.298143856893085
   },
   "14": {
      "C": 14.986703343026369,
      "gamma": -8.760501038513304
   },
   "15": {
      "C": 14.967508682699066,
      "gamma": -4.88107115600579
   },
   "16": {
      "C": 14.995974241321154,
      "gamma": -6.298143856893085
   },
   "17": {
      "C": 14.995974241321154,
      "gamma": -6.298143856893085
   },
   "18": {
      "C": 14.987143275481975,
      "gamma": -6.248647825270671
   },
   "19": {
      "C": 14.995974241321154,
      "gamma": -6.298143856893085
   },
   "20": {
      "C": 14.987143275481975,
      "gamma": -6.248647825270671
   }
}