{
   "1": {
      "C": 14.996203256309776,
      "gamma": -8.649764166797166
   },
   "2": {
      "C": 14.987752357963915,
      "gamma": -8.352573478838996
   },
   "3": {
      "C": 14.961883523346836,
      "gamma": -7.427950554078341
   },
   "4": {
      "C": 14.97879753875262,
      "gamma": -7.021594245622992
   },
   "5": {
      "C": 14.990347119926506,
      "gamma": -6.834936915478358
   },
   "6": {
      "C": 14.992019275734556,
      "gamma": -7.879573896514686
   },
   "7": {
      "C": 14.992019275734556,
      "gamma": -7.879573896514686
   },
   "8": {
      "C": 14.992019275734556,
      "gamma": -7.879573896514686
   },
   "9": {
      "C": 14.992019275734556,
      "gamma": -7.879573896514686
   },
   "10": {
      "C": 14.992019275734556,
      "gamma": -7.879573896514686
   },
   "11": {
      "C": 14.961883523346836,
      "gamma": -7.427950554078341
   },
   "12": {
      "C": 14.992019275734556,
      "gamma": -7.879573896514686
   },
   "13": {
      "C": 14.992019275734556,
      "gamma": -7.879573896514686
   },
   "14": {
      "C": 14.992019275734556,
      "gamma": -7.879573896514686
   },
   "15": {
      "C": 14.992019275734556,
      "gamma": -7.879573896514686
   },
   "16": {
      "C": 14.992019275734556,
      "gamma": -7.879573896514686
   },
   "17": {
      "C": 14.992019275734556,
      "gamma": -7.879573896514686
   },
   "18": {
      "C": 14.992019275734556,
      "gamma": -7.879573896514686
   },
   "19": {
      "C": 14.992019275734556,
      "gamma": -7.879573896514686
   },
   "20": {
      "C": 14.992019275734556,
      "gamma": -7.879573896514686
   }
}