{
   "1": {
      "C": 14.632774309061695,
      "gamma": -9.644362378924196
   },
   "2": {
      "C": 14.632774309061695,
      "gamma": -9.644362378924196
   },
   "3": {
      "C": 14.632774309061695,
      "gamma": -9.644362378924196
   },
   "4": {
      "C": 14.632774309061695,
      "gamma": -9.644362378924196
   },
   "5": {
      "C": 14.632774309061695,
      "gamma": -9.644362378924196
   },
   "6": {
      "C": 14.632774309061695,
      "gamma": -9.644362378924196
   },
   "7": {
      "C": 14.632774309061695,
      "gamma": -9.644362378924196
   },
   "8": {
      "C": 14.632774309061695,
      "gamma": -9.644362378924196
   },
   "9": {
      "C": 14.632774309061695,
      "gamma": -9.644362378924196
   },
   "10": {
      "C": 14.632774309061695,
      "gamma": -9.644362378924196
   },
   "11": {
      "C": 14.632774309061695,
      "gamma": -9.644362378924196
   },
   "12": {
      "C": 14.632774309061695,
      "gamma": -9.644362378924196
   },
   "13": {
      "C": 14.632774309061695,
      "gamma": -9.644362378924196
   },
   "14": {
      "C": 14.632774309061695,
      "gamma": -9.644362378924196
   },
   "15": {
      "C": 14.632774309061695,
      "gamma": -9.644362378924196
   }
}