{
   "colsample_bytree": 0.8562246373566927,
   "learning_rate": 0.04089659022419701,
   "max_depth": 8.0,
   "min_child_weight": 6.0,
   "n_estimators": 452.0,
   "subsample": 0.9066227660889916
}