{
   "colsample_bytree": 0.8947427593656051,
   "learning_rate": 0.04112529163691225,
   "max_depth": 9.0,
   "min_child_weight": 2.0,
   "n_estimators": 402.0,
   "subsample": 0.8282187685101681
}