{
   "colsample_bytree": 0.8302464383505375,
   "learning_rate": 0.15657041878188213,
   "max_depth": 17.0,
   "min_child_weight": 3.0,
   "n_estimators": 298.0,
   "subsample": 0.7653560016091869
}