{
   "colsample_bytree": 0.7392695567357566,
   "learning_rate": 0.272927253135615,
   "max_depth": 4.0,
   "min_child_weight": 4.0,
   "n_estimators": 635.0,
   "subsample": 0.609614330802897
}