{
   "1": {
      "colsample_bytree": 0.955154600736162,
      "learning_rate": 0.04226893835567639,
      "max_depth": 15.0,
      "min_child_weight": 3.0,
      "n_estimators": 728.0,
      "subsample": 0.7998301906422036
   },
   "2": {
      "colsample_bytree": 0.955154600736162,
      "learning_rate": 0.04226893835567639,
      "max_depth": 15.0,
      "min_child_weight": 3.0,
      "n_estimators": 728.0,
      "subsample": 0.7998301906422036
   },
   "3": {
      "colsample_bytree": 0.955154600736162,
      "learning_rate": 0.04226893835567639,
      "max_depth": 15.0,
      "min_child_weight": 3.0,
      "n_estimators": 728.0,
      "subsample": 0.7998301906422036
   },
   "4": {
      "colsample_bytree": 0.963056418015874,
      "learning_rate": 0.25057197016142235,
      "max_depth": 6.0,
      "min_child_weight": 1.0,
      "n_estimators": 429.0,
      "subsample": 0.8989591718497991
   },
   "5": {
      "colsample_bytree": 0.955154600736162,
      "learning_rate": 0.04226893835567639,
      "max_depth": 15.0,
      "min_child_weight": 3.0,
      "n_estimators": 728.0,
      "subsample": 0.7998301906422036
   },
   "6": {
      "colsample_bytree": 0.5811307241208457,
      "learning_rate": 0.2973688601113246,
      "max_depth": 18.0,
      "min_child_weight": 2.0,
      "n_estimators": 754.0,
      "subsample": 0.9583256539282784
   },
   "7": {
      "colsample_bytree": 0.955154600736162,
      "learning_rate": 0.04226893835567639,
      "max_depth": 15.0,
      "min_child_weight": 3.0,
      "n_estimators": 728.0,
      "subsample": 0.7998301906422036
   },
   "8": {
      "colsample_bytree": 0.963056418015874,
      "learning_rate": 0.25057197016142235,
      "max_depth": 6.0,
      "min_child_weight": 1.0,
      "n_estimators": 429.0,
      "subsample": 0.8989591718497991
   },
   "9": {
      "colsample_bytree": 0.955154600736162,
      "learning_rate": 0.04226893835567639,
      "max_depth": 15.0,
      "min_child_weight": 3.0,
      "n_estimators": 728.0,
      "subsample": 0.7998301906422036
   },
   "10": {
      "colsample_bytree": 0.963056418015874,
      "learning_rate": 0.25057197016142235,
      "max_depth": 6.0,
      "min_child_weight": 1.0,
      "n_estimators": 429.0,
      "subsample": 0.8989591718497991
   },
   "11": {
      "colsample_bytree": 0.955154600736162,
      "learning_rate": 0.04226893835567639,
      "max_depth": 15.0,
      "min_child_weight": 3.0,
      "n_estimators": 728.0,
      "subsample": 0.7998301906422036
   },
   "12": {
      "colsample_bytree": 0.955154600736162,
      "learning_rate": 0.04226893835567639,
      "max_depth": 15.0,
      "min_child_weight": 3.0,
      "n_estimators": 728.0,
      "subsample": 0.7998301906422036
   },
   "13": {
      "colsample_bytree": 0.963056418015874,
      "learning_rate": 0.25057197016142235,
      "max_depth": 6.0,
      "min_child_weight": 1.0,
      "n_estimators": 429.0,
      "subsample": 0.8989591718497991
   },
   "14": {
      "colsample_bytree": 0.5811307241208457,
      "learning_rate": 0.2973688601113246,
      "max_depth": 18.0,
      "min_child_weight": 2.0,
      "n_estimators": 754.0,
      "subsample": 0.9583256539282784
   },
   "15": {
      "colsample_bytree": 0.955154600736162,
      "learning_rate": 0.04226893835567639,
      "max_depth": 15.0,
      "min_child_weight": 3.0,
      "n_estimators": 728.0,
      "subsample": 0.7998301906422036
   },
   "16": {
      "colsample_bytree": 0.955154600736162,
      "learning_rate": 0.04226893835567639,
      "max_depth": 15.0,
      "min_child_weight": 3.0,
      "n_estimators": 728.0,
      "subsample": 0.7998301906422036
   },
   "17": {
      "colsample_bytree": 0.963056418015874,
      "learning_rate": 0.25057197016142235,
      "max_depth": 6.0,
      "min_child_weight": 1.0,
      "n_estimators": 429.0,
      "subsample": 0.8989591718497991
   },
   "18": {
      "colsample_bytree": 0.955154600736162,
      "learning_rate": 0.04226893835567639,
      "max_depth": 15.0,
      "min_child_weight": 3.0,
      "n_estimators": 728.0,
      "subsample": 0.7998301906422036
   },
   "19": {
      "colsample_bytree": 0.955154600736162,
      "learning_rate": 0.04226893835567639,
      "max_depth": 15.0,
      "min_child_weight": 3.0,
      "n_estimators": 728.0,
      "subsample": 0.7998301906422036
   },
   "20": {
      "colsample_bytree": 0.963056418015874,
      "learning_rate": 0.25057197016142235,
      "max_depth": 6.0,
      "min_child_weight": 1.0,
      "n_estimators": 429.0,
      "subsample": 0.8989591718497991
   }
}