{
   "colsample_bytree": 0.6018801549994703,
   "learning_rate": 0.022554667884234426,
   "max_depth": 15.0,
   "min_child_weight": 3.0,
   "n_estimators": 600.0,
   "subsample": 0.9640043623720376
}