{
   "colsample_bytree": 0.9725310042208316,
   "learning_rate": 0.013285085636058848,
   "max_depth": 18.0,
   "min_child_weight": 6.0,
   "n_clusters": 8.0,
   "n_estimators": 181.0,
   "subsample": 0.5841898588798309
}