{
   "1": {
      "colsample_bytree": 0.6317240432760565,
      "learning_rate": 0.06925541122037711,
      "max_depth": 10.0,
      "min_child_weight": 3.0,
      "n_estimators": 603.0,
      "subsample": 0.91118410933005
   },
   "2": {
      "colsample_bytree": 0.6317240432760565,
      "learning_rate": 0.06925541122037711,
      "max_depth": 10.0,
      "min_child_weight": 3.0,
      "n_estimators": 603.0,
      "subsample": 0.91118410933005
   },
   "3": {
      "colsample_bytree": 0.6317240432760565,
      "learning_rate": 0.06925541122037711,
      "max_depth": 10.0,
      "min_child_weight": 3.0,
      "n_estimators": 603.0,
      "subsample": 0.91118410933005
   },
   "4": {
      "colsample_bytree": 0.6317240432760565,
      "learning_rate": 0.06925541122037711,
      "max_depth": 10.0,
      "min_child_weight": 3.0,
      "n_estimators": 603.0,
      "subsample": 0.91118410933005
   },
   "5": {
      "colsample_bytree": 0.6317240432760565,
      "learning_rate": 0.06925541122037711,
      "max_depth": 10.0,
      "min_child_weight": 3.0,
      "n_estimators": 603.0,
      "subsample": 0.91118410933005
   }
}