{
   "colsample_bytree": 0.7916240651168288,
   "learning_rate": 0.019703028760549624,
   "max_depth": 16.0,
   "min_child_weight": 6.0,
   "n_estimators": 760.0,
   "subsample": 0.8234369378603985
}