{
   "colsample_bytree": 0.9391513306309308,
   "learning_rate": 0.03698100998942895,
   "max_depth": 9.0,
   "n_clusters": 2.0,
   "n_estimators": 304.0,
   "subsample": 0.6030654247078188
}