{
   "colsample_bytree": 0.8888776021161223,
   "learning_rate": 0.032304706839160036,
   "max_depth": 4.0,
   "min_child_weight": 5.0,
   "n_clusters": 4.0,
   "n_estimators": 181.0,
   "subsample": 0.520630461535794
}