{
   "1": {
      "colsample_bytree": 0.6208867109317742,
      "learning_rate": 0.11116570588794043,
      "max_depth": 3.0,
      "min_child_weight": 2.0,
      "n_estimators": 582.0,
      "subsample": 0.976951095471826
   },
   "2": {
      "colsample_bytree": 0.8223199290973042,
      "learning_rate": 0.2044257895143391,
      "max_depth": 5.0,
      "min_child_weight": 4.0,
      "n_estimators": 649.0,
      "subsample": 0.5561699558251039
   },
   "3": {
      "colsample_bytree": 0.6208867109317742,
      "learning_rate": 0.11116570588794043,
      "max_depth": 3.0,
      "min_child_weight": 2.0,
      "n_estimators": 582.0,
      "subsample": 0.976951095471826
   },
   "4": {
      "colsample_bytree": 0.6196640067756292,
      "learning_rate": 0.2022730413670452,
      "max_depth": 17.0,
      "min_child_weight": 1.0,
      "n_estimators": 490.0,
      "subsample": 0.6488293426882974
   },
   "5": {
      "colsample_bytree": 0.6196640067756292,
      "learning_rate": 0.2022730413670452,
      "max_depth": 17.0,
      "min_child_weight": 1.0,
      "n_estimators": 490.0,
      "subsample": 0.6488293426882974
   },
   "6": {
      "colsample_bytree": 0.6196640067756292,
      "learning_rate": 0.2022730413670452,
      "max_depth": 17.0,
      "min_child_weight": 1.0,
      "n_estimators": 490.0,
      "subsample": 0.6488293426882974
   },
   "7": {
      "colsample_bytree": 0.6208867109317742,
      "learning_rate": 0.11116570588794043,
      "max_depth": 3.0,
      "min_child_weight": 2.0,
      "n_estimators": 582.0,
      "subsample": 0.976951095471826
   },
   "8": {
      "colsample_bytree": 0.6208867109317742,
      "learning_rate": 0.11116570588794043,
      "max_depth": 3.0,
      "min_child_weight": 2.0,
      "n_estimators": 582.0,
      "subsample": 0.976951095471826
   },
   "9": {
      "colsample_bytree": 0.6208867109317742,
      "learning_rate": 0.11116570588794043,
      "max_depth": 3.0,
      "min_child_weight": 2.0,
      "n_estimators": 582.0,
      "subsample": 0.976951095471826
   },
   "10": {
      "colsample_bytree": 0.6196640067756292,
      "learning_rate": 0.2022730413670452,
      "max_depth": 17.0,
      "min_child_weight": 1.0,
      "n_estimators": 490.0,
      "subsample": 0.6488293426882974
   },
   "11": {
      "colsample_bytree": 0.6208867109317742,
      "learning_rate": 0.11116570588794043,
      "max_depth": 3.0,
      "min_child_weight": 2.0,
      "n_estimators": 582.0,
      "subsample": 0.976951095471826
   },
   "12": {
      "colsample_bytree": 0.6196640067756292,
      "learning_rate": 0.2022730413670452,
      "max_depth": 17.0,
      "min_child_weight": 1.0,
      "n_estimators": 490.0,
      "subsample": 0.6488293426882974
   },
   "13": {
      "colsample_bytree": 0.6208867109317742,
      "learning_rate": 0.11116570588794043,
      "max_depth": 3.0,
      "min_child_weight": 2.0,
      "n_estimators": 582.0,
      "subsample": 0.976951095471826
   },
   "14": {
      "colsample_bytree": 0.6196640067756292,
      "learning_rate": 0.2022730413670452,
      "max_depth": 17.0,
      "min_child_weight": 1.0,
      "n_estimators": 490.0,
      "subsample": 0.6488293426882974
   },
   "15": {
      "colsample_bytree": 0.6196640067756292,
      "learning_rate": 0.2022730413670452,
      "max_depth": 17.0,
      "min_child_weight": 1.0,
      "n_estimators": 490.0,
      "subsample": 0.6488293426882974
   },
   "16": {
      "colsample_bytree": 0.6208867109317742,
      "learning_rate": 0.11116570588794043,
      "max_depth": 3.0,
      "min_child_weight": 2.0,
      "n_estimators": 582.0,
      "subsample": 0.976951095471826
   },
   "17": {
      "colsample_bytree": 0.6208867109317742,
      "learning_rate": 0.11116570588794043,
      "max_depth": 3.0,
      "min_child_weight": 2.0,
      "n_estimators": 582.0,
      "subsample": 0.976951095471826
   },
   "18": {
      "colsample_bytree": 0.8223199290973042,
      "learning_rate": 0.2044257895143391,
      "max_depth": 5.0,
      "min_child_weight": 4.0,
      "n_estimators": 649.0,
      "subsample": 0.5561699558251039
   },
   "19": {
      "colsample_bytree": 0.6208867109317742,
      "learning_rate": 0.11116570588794043,
      "max_depth": 3.0,
      "min_child_weight": 2.0,
      "n_estimators": 582.0,
      "subsample": 0.976951095471826
   },
   "20": {
      "colsample_bytree": 0.6208867109317742,
      "learning_rate": 0.11116570588794043,
      "max_depth": 3.0,
      "min_child_weight": 2.0,
      "n_estimators": 582.0,
      "subsample": 0.976951095471826
   }
}