{
   "colsample_bytree": 0.973126068053504,
   "learning_rate": 0.13182985739843647,
   "max_depth": 7.0,
   "min_child_weight": 4.0,
   "n_estimators": 171.0,
   "subsample": 0.7018388941672948
}