{
   "colsample_bytree": 0.8479963825062984,
   "learning_rate": 0.07905309409888601,
   "max_depth": 18.0,
   "min_child_weight": 3.0,
   "n_clusters": 4.0,
   "n_estimators": 646.0,
   "subsample": 0.775254642927744
}