{
   "colsample_bytree": 0.7134639277856589,
   "learning_rate": 0.02375079369525294,
   "max_depth": 6.0,
   "n_estimators": 100.0,
   "subsample": 0.9926302413390268
}