{
   "colsample_bytree": 0.8828968232574801,
   "learning_rate": 0.0627418975279344,
   "max_depth": 20.0,
   "min_child_weight": 3.0,
   "n_clusters": 3.0,
   "n_estimators": 215.0,
   "subsample": 0.527914975726264
}