{
   "colsample_bytree": 0.6029894296033823,
   "learning_rate": 0.02988978651400985,
   "max_depth": 9.0,
   "min_child_weight": 5.0,
   "n_estimators": 690.0,
   "subsample": 0.8734390405721688
}