{
   "colsample_bytree": 0.8318235270242498,
   "learning_rate": 0.18464441256619007,
   "max_depth": 7.0,
   "min_child_weight": 2.0,
   "n_estimators": 381.0,
   "subsample": 0.707064568737686
}