{
   "colsample_bytree": 0.5530368249562246,
   "learning_rate": 0.12061136095266264,
   "max_depth": 7.0,
   "min_child_weight": 3.0,
   "n_estimators": 474.0,
   "subsample": 0.5211629436307645
}