{
   "colsample_bytree": 0.9515088044536892,
   "learning_rate": 0.11423207700575745,
   "max_depth": 5.0,
   "n_clusters": 2.0,
   "n_estimators": 551.0,
   "subsample": 0.7790310738019839
}