{
   "colsample_bytree": 0.9554785968067604,
   "learning_rate": 0.08474227746168274,
   "max_depth": 11.0,
   "min_child_weight": 3.0,
   "n_estimators": 412.0,
   "subsample": 0.9262633413617806
}