{
   "colsample_bytree": 0.8654648307221627,
   "learning_rate": 0.023885821415475503,
   "max_depth": 7.0,
   "n_clusters": 2.0,
   "n_estimators": 206.0,
   "subsample": 0.5096144898618117
}