{
   "colsample_bytree": 0.8997090578022684,
   "learning_rate": 0.2743796261341312,
   "max_depth": 5.0,
   "min_child_weight": 1.0,
   "n_clusters": 8.0,
   "n_estimators": 437.0,
   "subsample": 0.9589285710770424
}