{
   "colsample_bytree": 0.5747943708239205,
   "learning_rate": 0.08911192004672433,
   "max_depth": 4.0,
   "min_child_weight": 1.0,
   "n_estimators": 634.0,
   "subsample": 0.9580838905606486
}