{
   "1": {
      "colsample_bytree": 0.9678954626302516,
      "learning_rate": 0.0713307894874134,
      "max_depth": 8.0,
      "min_child_weight": 5.0,
      "n_estimators": 640.0,
      "subsample": 0.9442717078953584
   },
   "2": {
      "colsample_bytree": 0.8863510826089592,
      "learning_rate": 0.051569412604749176,
      "max_depth": 16.0,
      "min_child_weight": 5.0,
      "n_estimators": 105.0,
      "subsample": 0.6229498208668225
   },
   "3": {
      "colsample_bytree": 0.8902094320646178,
      "learning_rate": 0.16341987234607655,
      "max_depth": 12.0,
      "min_child_weight": 4.0,
      "n_estimators": 303.0,
      "subsample": 0.5801014590821267
   },
   "4": {
      "colsample_bytree": 0.8863510826089592,
      "learning_rate": 0.051569412604749176,
      "max_depth": 16.0,
      "min_child_weight": 5.0,
      "n_estimators": 105.0,
      "subsample": 0.6229498208668225
   },
   "5": {
      "colsample_bytree": 0.9678954626302516,
      "learning_rate": 0.0713307894874134,
      "max_depth": 8.0,
      "min_child_weight": 5.0,
      "n_estimators": 640.0,
      "subsample": 0.9442717078953584
   },
   "6": {
      "colsample_bytree": 0.9678954626302516,
      "learning_rate": 0.0713307894874134,
      "max_depth": 8.0,
      "min_child_weight": 5.0,
      "n_estimators": 640.0,
      "subsample": 0.9442717078953584
   },
   "7": {
      "colsample_bytree": 0.9678954626302516,
      "learning_rate": 0.0713307894874134,
      "max_depth": 8.0,
      "min_child_weight": 5.0,
      "n_estimators": 640.0,
      "subsample": 0.9442717078953584
   },
   "8": {
      "colsample_bytree": 0.8863510826089592,
      "learning_rate": 0.051569412604749176,
      "max_depth": 16.0,
      "min_child_weight": 5.0,
      "n_estimators": 105.0,
      "subsample": 0.6229498208668225
   },
   "9": {
      "colsample_bytree": 0.9678954626302516,
      "learning_rate": 0.0713307894874134,
      "max_depth": 8.0,
      "min_child_weight": 5.0,
      "n_estimators": 640.0,
      "subsample": 0.9442717078953584
   },
   "10": {
      "colsample_bytree": 0.9678954626302516,
      "learning_rate": 0.0713307894874134,
      "max_depth": 8.0,
      "min_child_weight": 5.0,
      "n_estimators": 640.0,
      "subsample": 0.9442717078953584
   },
   "11": {
      "colsample_bytree": 0.9678954626302516,
      "learning_rate": 0.0713307894874134,
      "max_depth": 8.0,
      "min_child_weight": 5.0,
      "n_estimators": 640.0,
      "subsample": 0.9442717078953584
   },
   "12": {
      "colsample_bytree": 0.9678954626302516,
      "learning_rate": 0.0713307894874134,
      "max_depth": 8.0,
      "min_child_weight": 5.0,
      "n_estimators": 640.0,
      "subsample": 0.9442717078953584
   },
   "13": {
      "colsample_bytree": 0.9678954626302516,
      "learning_rate": 0.0713307894874134,
      "max_depth": 8.0,
      "min_child_weight": 5.0,
      "n_estimators": 640.0,
      "subsample": 0.9442717078953584
   },
   "14": {
      "colsample_bytree": 0.9678954626302516,
      "learning_rate": 0.0713307894874134,
      "max_depth": 8.0,
      "min_child_weight": 5.0,
      "n_estimators": 640.0,
      "subsample": 0.9442717078953584
   },
   "15": {
      "colsample_bytree": 0.8863510826089592,
      "learning_rate": 0.051569412604749176,
      "max_depth": 16.0,
      "min_child_weight": 5.0,
      "n_estimators": 105.0,
      "subsample": 0.6229498208668225
   },
   "16": {
      "colsample_bytree": 0.9678954626302516,
      "learning_rate": 0.0713307894874134,
      "max_depth": 8.0,
      "min_child_weight": 5.0,
      "n_estimators": 640.0,
      "subsample": 0.9442717078953584
   },
   "17": {
      "colsample_bytree": 0.9678954626302516,
      "learning_rate": 0.0713307894874134,
      "max_depth": 8.0,
      "min_child_weight": 5.0,
      "n_estimators": 640.0,
      "subsample": 0.9442717078953584
   },
   "18": {
      "colsample_bytree": 0.9678954626302516,
      "learning_rate": 0.0713307894874134,
      "max_depth": 8.0,
      "min_child_weight": 5.0,
      "n_estimators": 640.0,
      "subsample": 0.9442717078953584
   },
   "19": {
      "colsample_bytree": 0.9678954626302516,
      "learning_rate": 0.0713307894874134,
      "max_depth": 8.0,
      "min_child_weight": 5.0,
      "n_estimators": 640.0,
      "subsample": 0.9442717078953584
   },
   "20": {
      "colsample_bytree": 0.8863510826089592,
      "learning_rate": 0.051569412604749176,
      "max_depth": 16.0,
      "min_child_weight": 5.0,
      "n_estimators": 105.0,
      "subsample": 0.6229498208668225
   }
}